Bernice|Billingsbottom|items-bbillingsbottom.dat
Sandae|Meeks|items-smeeks.dat
Ramesh Chandra|Agarwal|items-rcagarwal.dat
Steffi|Hestrop|items-shestrop.dat
Vicki|Spivey|items-vspivey.dat
Stevie|Boyton|items-sboyton.dat
Frank|Brannon|items-fbrannon.dat